algorithm,type,size,time_us,comparisons
StdQuickSort,random,100,118.1,8255
StdMergeSort,random,100,122.7,598
TernaryQuickSort,random,100,212.2,585
StringMergeSort,random,100,203.8,528
MSBRadixSort,random,100,90.5,0
MSBRadixHybrid,random,100,90.5,80
StdQuickSort,reverse,100,147.8,7629
StdMergeSort,reverse,100,142.2,403
TernaryQuickSort,reverse,100,219,547
StringMergeSort,reverse,100,175.7,299
MSBRadixSort,reverse,100,93.2,0
MSBRadixHybrid,reverse,100,96.7,76
StdQuickSort,almost,100,175.9,7478
StdMergeSort,almost,100,136.8,486
TernaryQuickSort,almost,100,230.5,558
StringMergeSort,almost,100,97.7,365
MSBRadixSort,almost,100,54.8,0
MSBRadixHybrid,almost,100,53.4,79
StdQuickSort,random,200,435.3,16142
StdMergeSort,random,200,302.6,1491
TernaryQuickSort,random,200,721,1589
StringMergeSort,random,200,327,1201
MSBRadixSort,random,200,156.6,0
MSBRadixHybrid,random,200,227.4,302
StdQuickSort,reverse,200,408.5,14904
StdMergeSort,reverse,200,316.5,997
TernaryQuickSort,reverse,200,522.1,1259
StringMergeSort,reverse,200,263.2,590
MSBRadixSort,reverse,200,116.5,0
MSBRadixHybrid,reverse,200,180.2,260
StdQuickSort,almost,200,283.5,15274
StdMergeSort,almost,200,273.7,1194
TernaryQuickSort,almost,200,441.8,1284
StringMergeSort,almost,200,267.4,711
MSBRadixSort,almost,200,118.5,0
MSBRadixHybrid,almost,200,126.3,269
StdQuickSort,random,300,514.2,24047
StdMergeSort,random,300,316.4,2528
TernaryQuickSort,random,300,664.5,2670
StringMergeSort,random,300,469.9,1924
MSBRadixSort,random,300,161.2,0
MSBRadixHybrid,random,300,239,608
StdQuickSort,reverse,300,360.8,20586
StdMergeSort,reverse,300,296.4,1693
TernaryQuickSort,reverse,300,473.2,2038
StringMergeSort,reverse,300,354,918
MSBRadixSort,reverse,300,163.1,0
MSBRadixHybrid,reverse,300,202.7,491
StdQuickSort,almost,300,353.5,21289
StdMergeSort,almost,300,297.8,1957
TernaryQuickSort,almost,300,472.4,2052
StringMergeSort,almost,300,368.7,1017
MSBRadixSort,almost,300,164.2,0
MSBRadixHybrid,almost,300,264,497
StdQuickSort,random,400,725.9,33391
StdMergeSort,random,400,453,3659
TernaryQuickSort,random,400,965.3,3497
StringMergeSort,random,400,563.7,2704
MSBRadixSort,random,400,212,0
MSBRadixHybrid,random,400,351.2,968
StdQuickSort,reverse,400,482.4,30400
StdMergeSort,reverse,400,403.7,2430
TernaryQuickSort,reverse,400,647,2844
StringMergeSort,reverse,400,499.6,1242
MSBRadixSort,reverse,400,211.9,0
MSBRadixHybrid,reverse,400,293.7,749
StdQuickSort,almost,400,490,30185
StdMergeSort,almost,400,412.3,2912
TernaryQuickSort,almost,400,901.1,2857
StringMergeSort,almost,400,671,1340
MSBRadixSort,almost,400,286.6,0
MSBRadixHybrid,almost,400,325.5,765
StdQuickSort,random,500,804.4,41400
StdMergeSort,random,500,547.9,4869
TernaryQuickSort,random,500,1059,4552
StringMergeSort,random,500,752.4,3538
MSBRadixSort,random,500,290.8,0
MSBRadixHybrid,random,500,464,1310
StdQuickSort,reverse,500,584.2,31955
StdMergeSort,reverse,500,531.1,3076
TernaryQuickSort,reverse,500,813,3686
StringMergeSort,reverse,500,653.9,1518
MSBRadixSort,reverse,500,260.1,0
MSBRadixHybrid,reverse,500,397.3,1065
StdQuickSort,almost,500,603.8,34816
StdMergeSort,almost,500,520,3897
TernaryQuickSort,almost,500,852.9,3721
StringMergeSort,almost,500,625.1,1724
MSBRadixSort,almost,500,256.9,0
MSBRadixHybrid,almost,500,396.6,1088
StdQuickSort,random,600,1447.8,49085
StdMergeSort,random,600,785.9,6132
TernaryQuickSort,random,600,1399,5555
StringMergeSort,random,600,899.1,4348
MSBRadixSort,random,600,315.8,0
MSBRadixHybrid,random,600,609.3,1776
StdQuickSort,reverse,600,1107.1,42416
StdMergeSort,reverse,600,754.4,4022
TernaryQuickSort,reverse,600,1076,4536
StringMergeSort,reverse,600,811,1934
MSBRadixSort,reverse,600,309,0
MSBRadixHybrid,reverse,600,495.3,1396
StdQuickSort,almost,600,764.2,42407
StdMergeSort,almost,600,682.1,4482
TernaryQuickSort,almost,600,1077.4,4570
StringMergeSort,almost,600,795.5,2016
MSBRadixSort,almost,600,318.5,0
MSBRadixHybrid,almost,600,495.7,1415
StdQuickSort,random,700,1300.9,59938
StdMergeSort,random,700,1036,7437
TernaryQuickSort,random,700,1626.9,6979
StringMergeSort,random,700,1070.6,5233
MSBRadixSort,random,700,358.5,0
MSBRadixHybrid,random,700,734.2,2170
StdQuickSort,reverse,700,916.7,53992
StdMergeSort,reverse,700,833.2,4921
TernaryQuickSort,reverse,700,1199.4,5404
StringMergeSort,reverse,700,1094.7,2351
MSBRadixSort,reverse,700,366.7,0
MSBRadixHybrid,reverse,700,607,1748
StdQuickSort,almost,700,911.1,54503
StdMergeSort,almost,700,796.8,5399
TernaryQuickSort,almost,700,1211.7,5434
StringMergeSort,almost,700,1041.2,2362
MSBRadixSort,almost,700,362.5,0
MSBRadixHybrid,almost,700,602.1,1768
StdQuickSort,random,800,1803.9,68919
StdMergeSort,random,800,976.2,8818
TernaryQuickSort,random,800,2258.9,9068
StringMergeSort,random,800,1264.5,6098
MSBRadixSort,random,800,430.6,0
MSBRadixHybrid,random,800,912.2,2679
StdQuickSort,reverse,800,1115.7,62394
StdMergeSort,reverse,800,976.1,5786
TernaryQuickSort,reverse,800,1690.6,6328
StringMergeSort,reverse,800,1100.2,2759
MSBRadixSort,reverse,800,435.5,0
MSBRadixHybrid,reverse,800,707.3,2128
StdQuickSort,almost,800,1140.3,64601
StdMergeSort,almost,800,935.6,6779
TernaryQuickSort,almost,800,1431.1,6363
StringMergeSort,almost,800,1103.8,2800
MSBRadixSort,almost,800,419.2,0
MSBRadixHybrid,almost,800,762.1,2143
StdQuickSort,random,900,1880.4,76951
StdMergeSort,random,900,1260.5,10169
TernaryQuickSort,random,900,2195.5,9485
StringMergeSort,random,900,1662.5,6959
MSBRadixSort,random,900,497.3,0
MSBRadixHybrid,random,900,986.4,3139
StdQuickSort,reverse,900,1179,63200
StdMergeSort,reverse,900,1187.4,6530
TernaryQuickSort,reverse,900,1707,7234
StringMergeSort,reverse,900,1286.5,3051
MSBRadixSort,reverse,900,509.3,0
MSBRadixHybrid,reverse,900,1257.7,2493
StdQuickSort,almost,900,1410.2,64744
StdMergeSort,almost,900,1168.2,7806
TernaryQuickSort,almost,900,1626.5,7278
StringMergeSort,almost,900,1271.4,3157
MSBRadixSort,almost,900,470,0
MSBRadixHybrid,almost,900,817.4,2520
StdQuickSort,random,1000,2110.7,84975
StdMergeSort,random,1000,1514.1,11635
TernaryQuickSort,random,1000,2687.3,10479
StringMergeSort,random,1000,1576.8,7945
MSBRadixSort,random,1000,552.2,0
MSBRadixHybrid,random,1000,1133.6,3689
StdQuickSort,reverse,1000,1303.2,64824
StdMergeSort,reverse,1000,1157.2,7233
TernaryQuickSort,reverse,1000,1976.5,8164
StringMergeSort,reverse,1000,1394.5,3359
MSBRadixSort,reverse,1000,536,0
MSBRadixHybrid,reverse,1000,962.2,2890
StdQuickSort,almost,1000,1356.1,69274
StdMergeSort,almost,1000,1156,8628
TernaryQuickSort,almost,1000,1828.3,8212
StringMergeSort,almost,1000,1361.5,3566
MSBRadixSort,almost,1000,548.2,0
MSBRadixHybrid,almost,1000,935.4,2927
StdQuickSort,random,1100,2883.1,96220
StdMergeSort,random,1100,1409.8,13126
TernaryQuickSort,random,1100,2690,11425
StringMergeSort,random,1100,1851,8823
MSBRadixSort,random,1100,760.4,0
MSBRadixHybrid,random,1100,1343,4197
StdQuickSort,reverse,1100,1509.1,75500
StdMergeSort,reverse,1100,1382.2,8308
TernaryQuickSort,reverse,1100,2011.5,9074
StringMergeSort,reverse,1100,1585.6,3817
MSBRadixSort,reverse,1100,616.6,0
MSBRadixHybrid,reverse,1100,1078,3284
StdQuickSort,almost,1100,1511.6,76086
StdMergeSort,almost,1100,1420.7,9380
TernaryQuickSort,almost,1100,2725.4,9187
StringMergeSort,almost,1100,2020.8,3882
MSBRadixSort,almost,1100,707.9,0
MSBRadixHybrid,almost,1100,1082.1,3350
StdQuickSort,random,1200,2970.6,107062
StdMergeSort,random,1200,2096.2,14558
TernaryQuickSort,random,1200,3119.4,13930
StringMergeSort,random,1200,2179.6,9754
MSBRadixSort,random,1200,695.5,0
MSBRadixHybrid,random,1200,1487,4741
StdQuickSort,reverse,1200,1688.4,89145
StdMergeSort,reverse,1200,1523.8,9438
TernaryQuickSort,reverse,1200,2296.7,10045
StringMergeSort,reverse,1200,1830.4,4319
MSBRadixSort,reverse,1200,676.5,0
MSBRadixHybrid,reverse,1200,1168,3711
StdQuickSort,almost,1200,1708.8,87892
StdMergeSort,almost,1200,1501.8,10623
TernaryQuickSort,almost,1200,2232.9,10081
StringMergeSort,almost,1200,1752.4,4277
MSBRadixSort,almost,1200,671.4,0
MSBRadixHybrid,almost,1200,1222.4,3745
StdQuickSort,random,1300,2753.8,113141
StdMergeSort,random,1300,1712.2,16091
TernaryQuickSort,random,1300,3081,13489
StringMergeSort,random,1300,2307.1,10670
MSBRadixSort,random,1300,764.7,0
MSBRadixHybrid,random,1300,2221.5,5256
StdQuickSort,reverse,1300,1878.7,101702
StdMergeSort,reverse,1300,1596.8,10449
TernaryQuickSort,reverse,1300,2492.4,11073
StringMergeSort,reverse,1300,1958.5,4746
MSBRadixSort,reverse,1300,744.7,0
MSBRadixHybrid,reverse,1300,2082.5,4150
StdQuickSort,almost,1300,1841.6,101035
StdMergeSort,almost,1300,1613.1,11859
TernaryQuickSort,almost,1300,3222.6,11071
StringMergeSort,almost,1300,2126.5,4610
MSBRadixSort,almost,1300,738,0
MSBRadixHybrid,almost,1300,1310.8,4183
StdQuickSort,random,1400,3196.5,119599
StdMergeSort,random,1400,2019.1,17613
TernaryQuickSort,random,1400,3698.7,15482
StringMergeSort,random,1400,2494.6,11687
MSBRadixSort,random,1400,806.2,0
MSBRadixHybrid,random,1400,1770.1,5802
StdQuickSort,reverse,1400,2165.7,111779
StdMergeSort,reverse,1400,1727.6,11449
TernaryQuickSort,reverse,1400,2738.9,12062
StringMergeSort,reverse,1400,2054.4,5206
MSBRadixSort,reverse,1400,811.6,0
MSBRadixHybrid,reverse,1400,1548,4609
StdQuickSort,almost,1400,2017,110299
StdMergeSort,almost,1400,1806.4,12660
TernaryQuickSort,almost,1400,2805,12124
StringMergeSort,almost,1400,2084.9,4972
MSBRadixSort,almost,1400,833.4,0
MSBRadixHybrid,almost,1400,1524.4,4649
StdQuickSort,random,1500,3134.4,127493
StdMergeSort,random,1500,1980.3,19176
TernaryQuickSort,random,1500,3979.6,16439
StringMergeSort,random,1500,2661.4,12614
MSBRadixSort,random,1500,897,0
MSBRadixHybrid,random,1500,1994.1,6459
StdQuickSort,reverse,1500,2236,125161
StdMergeSort,reverse,1500,1904.6,12331
TernaryQuickSort,reverse,1500,2942,13035
StringMergeSort,reverse,1500,2236.1,5545
MSBRadixSort,reverse,1500,887,0
MSBRadixHybrid,reverse,1500,1570.3,5068
StdQuickSort,almost,1500,2233.4,121054
StdMergeSort,almost,1500,1896.7,13902
TernaryQuickSort,almost,1500,2904.7,13095
StringMergeSort,almost,1500,2199.5,5452
MSBRadixSort,almost,1500,883.8,0
MSBRadixHybrid,almost,1500,1581.1,5100
StdQuickSort,random,1600,3603.1,138104
StdMergeSort,random,1600,2105.5,20785
TernaryQuickSort,random,1600,4097,17529
StringMergeSort,random,1600,3069.7,13623
MSBRadixSort,random,1600,1113.2,0
MSBRadixHybrid,random,1600,2131.9,7030
StdQuickSort,reverse,1600,2350.6,127702
StdMergeSort,reverse,1600,2468.6,13286
TernaryQuickSort,reverse,1600,3250.3,14035
StringMergeSort,reverse,1600,2458.2,5925
MSBRadixSort,reverse,1600,1026.6,0
MSBRadixHybrid,reverse,1600,1703.6,5564
StdQuickSort,almost,1600,2357.3,128903
StdMergeSort,almost,1600,2038.7,15169
TernaryQuickSort,almost,1600,3144.8,14082
StringMergeSort,almost,1600,2507.7,5822
MSBRadixSort,almost,1600,1005.2,0
MSBRadixHybrid,almost,1600,1704.3,5594
StdQuickSort,random,1700,3652.1,146811
StdMergeSort,random,1700,2270.4,22318
TernaryQuickSort,random,1700,4461.2,18502
StringMergeSort,random,1700,3206.6,14528
MSBRadixSort,random,1700,1009.3,0
MSBRadixHybrid,random,1700,2511.5,7589
StdQuickSort,reverse,1700,2559.5,130049
StdMergeSort,reverse,1700,2139.5,14255
TernaryQuickSort,reverse,1700,3402.4,15084
StringMergeSort,reverse,1700,2780.5,6336
MSBRadixSort,reverse,1700,1008.6,0
MSBRadixHybrid,reverse,1700,1823.1,6069
StdQuickSort,almost,1700,2445.6,131498
StdMergeSort,almost,1700,2138.3,15202
TernaryQuickSort,almost,1700,3343.4,15079
StringMergeSort,almost,1700,2562.7,6299
MSBRadixSort,almost,1700,1020.6,0
MSBRadixHybrid,almost,1700,1889,6073
StdQuickSort,random,1800,3928.8,153806
StdMergeSort,random,1800,2402.1,23916
TernaryQuickSort,random,1800,5234.6,20629
StringMergeSort,random,1800,3161,15502
MSBRadixSort,random,1800,1094.5,0
MSBRadixHybrid,random,1800,2440,8263
StdQuickSort,reverse,1800,2664,129707
StdMergeSort,reverse,1800,2302.2,15084
TernaryQuickSort,reverse,1800,3572.3,16085
StringMergeSort,reverse,1800,3032.8,6718
MSBRadixSort,reverse,1800,1075.7,0
MSBRadixHybrid,reverse,1800,2108.2,6503
StdQuickSort,almost,1800,2834.4,131919
StdMergeSort,almost,1800,2289.8,17056
TernaryQuickSort,almost,1800,3494.3,16088
StringMergeSort,almost,1800,3214,6653
MSBRadixSort,almost,1800,1137.1,0
MSBRadixHybrid,almost,1800,1986.8,6504
StdQuickSort,random,1900,4676.8,165123
StdMergeSort,random,1900,2565.8,25631
TernaryQuickSort,random,1900,5110.7,22142
StringMergeSort,random,1900,3354.8,16566
MSBRadixSort,random,1900,1177.1,0
MSBRadixHybrid,random,1900,2743.4,8824
StdQuickSort,reverse,1900,2816.7,132288
StdMergeSort,reverse,1900,2433.3,15914
TernaryQuickSort,reverse,1900,3875.2,17052
StringMergeSort,reverse,1900,2908.7,7007
MSBRadixSort,reverse,1900,1124.6,0
MSBRadixHybrid,reverse,1900,2098,6971
StdQuickSort,almost,1900,2807.2,134674
StdMergeSort,almost,1900,2435.1,18254
TernaryQuickSort,almost,1900,5191.8,17137
StringMergeSort,almost,1900,2921.6,7129
MSBRadixSort,almost,1900,1142.3,0
MSBRadixHybrid,almost,1900,2225.9,7008
StdQuickSort,random,2000,4949.2,171461
StdMergeSort,random,2000,2711.1,27275
TernaryQuickSort,random,2000,6077.6,23406
StringMergeSort,random,2000,3641.8,17581
MSBRadixSort,random,2000,1328.6,0
MSBRadixHybrid,random,2000,2793.1,9418
StdQuickSort,reverse,2000,2981.1,133181
StdMergeSort,reverse,2000,2912.3,16715
TernaryQuickSort,reverse,2000,4131.4,18125
StringMergeSort,reverse,2000,3217.9,7381
MSBRadixSort,reverse,2000,1323.8,0
MSBRadixHybrid,reverse,2000,2255.9,7485
StdQuickSort,almost,2000,3025.4,135617
StdMergeSort,almost,2000,2557,19949
TernaryQuickSort,almost,2000,4140.8,18126
StringMergeSort,almost,2000,3221.9,7575
MSBRadixSort,almost,2000,1226.1,0
MSBRadixHybrid,almost,2000,2269.7,7487
StdQuickSort,random,2100,4965.7,181999
StdMergeSort,random,2100,2985.8,28951
TernaryQuickSort,random,2100,8391.2,27792
StringMergeSort,random,2100,4604.7,18544
MSBRadixSort,random,2100,1320.3,0
MSBRadixHybrid,random,2100,3031.5,10056
StdQuickSort,reverse,2100,3635.1,139872
StdMergeSort,reverse,2100,3162.7,17714
TernaryQuickSort,reverse,2100,4339.6,19091
StringMergeSort,reverse,2100,3293.4,7743
MSBRadixSort,reverse,2100,1305.4,0
MSBRadixHybrid,reverse,2100,2859.5,7943
StdQuickSort,almost,2100,3189.7,142439
StdMergeSort,almost,2100,2929.6,21251
TernaryQuickSort,almost,2100,4204.7,19125
StringMergeSort,almost,2100,3602.8,8056
MSBRadixSort,almost,2100,1300.1,0
MSBRadixHybrid,almost,2100,2606.9,7977
StdQuickSort,random,2200,5269,189991
StdMergeSort,random,2200,3327.6,30639
TernaryQuickSort,random,2200,6070.6,24075
StringMergeSort,random,2200,4660.2,19530
MSBRadixSort,random,2200,1393.2,0
MSBRadixHybrid,random,2200,3318.3,10825
StdQuickSort,reverse,2200,3442.9,153106
StdMergeSort,reverse,2200,3094.2,19109
TernaryQuickSort,reverse,2200,4476.7,20094
StringMergeSort,reverse,2200,3636.7,8350
MSBRadixSort,reverse,2200,1355.2,0
MSBRadixHybrid,reverse,2200,3050.7,8411
StdQuickSort,almost,2200,3446.4,153210
StdMergeSort,almost,2200,3159.9,21087
TernaryQuickSort,almost,2200,4614.5,20173
StringMergeSort,almost,2200,3785.3,8236
MSBRadixSort,almost,2200,1367,0
MSBRadixHybrid,almost,2200,2693.2,8494
StdQuickSort,random,2300,5440.2,197163
StdMergeSort,random,2300,3477.6,32308
TernaryQuickSort,random,2300,6229.9,26307
StringMergeSort,random,2300,4349.9,20541
MSBRadixSort,random,2300,1453.1,0
MSBRadixHybrid,random,2300,3458.8,11446
StdQuickSort,reverse,2300,4065.6,167389
StdMergeSort,reverse,2300,3220.3,20334
TernaryQuickSort,reverse,2300,4842.3,21177
StringMergeSort,reverse,2300,3716,8832
MSBRadixSort,reverse,2300,1428.8,0
MSBRadixHybrid,reverse,2300,3150.8,8957
StdQuickSort,almost,2300,3947,165154
StdMergeSort,almost,2300,3236.2,22180
TernaryQuickSort,almost,2300,5091.8,21173
StringMergeSort,almost,2300,3854.1,8590
MSBRadixSort,almost,2300,1435.2,0
MSBRadixHybrid,almost,2300,2733.4,8950
StdQuickSort,random,2400,5163.3,208457
StdMergeSort,random,2400,3958.8,34065
TernaryQuickSort,random,2400,7194.1,29191
StringMergeSort,random,2400,4585.8,21617
MSBRadixSort,random,2400,1533.1,0
MSBRadixHybrid,random,2400,3809.7,12116
StdQuickSort,reverse,2400,3900.3,175678
StdMergeSort,reverse,2400,3348.5,21598
TernaryQuickSort,reverse,2400,5006.3,22219
StringMergeSort,reverse,2400,3780.6,9357
MSBRadixSort,reverse,2400,1526.8,0
MSBRadixHybrid,reverse,2400,2863.3,9457
StdQuickSort,almost,2400,3797.7,178130
StdMergeSort,almost,2400,3878.5,24236
TernaryQuickSort,almost,2400,5091.1,22266
StringMergeSort,almost,2400,4089.1,9081
MSBRadixSort,almost,2400,1518.5,0
MSBRadixHybrid,almost,2400,2929.9,9504
StdQuickSort,random,2500,6228.3,216365
StdMergeSort,random,2500,3786.5,35726
TernaryQuickSort,random,2500,7519.7,30968
StringMergeSort,random,2500,4797.9,22659
MSBRadixSort,random,2500,1630.7,0
MSBRadixHybrid,random,2500,3932.2,12779
StdQuickSort,reverse,2500,4183.2,188392
StdMergeSort,reverse,2500,3463.4,22715
TernaryQuickSort,reverse,2500,5914.4,23313
StringMergeSort,reverse,2500,4621.4,9789
MSBRadixSort,reverse,2500,1576.6,0
MSBRadixHybrid,reverse,2500,3444.3,10029
StdQuickSort,almost,2500,3979.2,188957
StdMergeSort,almost,2500,3463.1,24976
TernaryQuickSort,almost,2500,5216.7,23365
StringMergeSort,almost,2500,4049.2,9432
MSBRadixSort,almost,2500,1655.8,0
MSBRadixHybrid,almost,2500,3502,10079
StdQuickSort,random,2600,7288.6,227659
StdMergeSort,random,2600,3827.2,37504
TernaryQuickSort,random,2600,7842,32266
StringMergeSort,random,2600,4885.7,23634
MSBRadixSort,random,2600,1680.3,0
MSBRadixHybrid,random,2600,4100.7,13433
StdQuickSort,reverse,2600,4319,201737
StdMergeSort,reverse,2600,3901.5,23811
TernaryQuickSort,reverse,2600,5725.6,24342
StringMergeSort,reverse,2600,4349.5,10190
MSBRadixSort,reverse,2600,1669.6,0
MSBRadixHybrid,reverse,2600,3324.4,10519
StdQuickSort,almost,2600,4631.3,199006
StdMergeSort,almost,2600,3917.2,24618
TernaryQuickSort,almost,2600,5800.5,24367
StringMergeSort,almost,2600,4254.5,9794
MSBRadixSort,almost,2600,1659.8,0
MSBRadixHybrid,almost,2600,3205,10544
StdQuickSort,random,2700,7151.2,236285
StdMergeSort,random,2700,3970,39207
TernaryQuickSort,random,2700,8449.3,33822
StringMergeSort,random,2700,6564.5,24687
MSBRadixSort,random,2700,1798.9,0
MSBRadixHybrid,random,2700,4416,14007
StdQuickSort,reverse,2700,4649.9,215225
StdMergeSort,reverse,2700,5510.2,25047
TernaryQuickSort,reverse,2700,6063.3,25415
StringMergeSort,reverse,2700,4342.2,10751
MSBRadixSort,reverse,2700,1743.6,0
MSBRadixHybrid,reverse,2700,3404.9,11059
StdQuickSort,almost,2700,4496.4,213465
StdMergeSort,almost,2700,4063,27197
TernaryQuickSort,almost,2700,6055.4,25465
StringMergeSort,almost,2700,4504.8,10251
MSBRadixSort,almost,2700,1749.3,0
MSBRadixHybrid,almost,2700,3393.7,11095
StdQuickSort,random,2800,7226.8,245644
StdMergeSort,random,2800,4154.2,40992
TernaryQuickSort,random,2800,10054.6,38858
StringMergeSort,random,2800,5510.2,25764
MSBRadixSort,random,2800,1863.4,0
MSBRadixHybrid,random,2800,4604.6,14684
StdQuickSort,reverse,2800,4691.1,224265
StdMergeSort,reverse,2800,4303.2,26063
TernaryQuickSort,reverse,2800,6044.1,26579
StringMergeSort,reverse,2800,4656.6,11159
MSBRadixSort,reverse,2800,1806.9,0
MSBRadixHybrid,reverse,2800,4021.1,11638
StdQuickSort,almost,2800,4747.2,221570
StdMergeSort,almost,2800,4099.1,27600
TernaryQuickSort,almost,2800,6249,26607
StringMergeSort,almost,2800,4475.9,10552
MSBRadixSort,almost,2800,1816.1,0
MSBRadixHybrid,almost,2800,3578.3,11666
StdQuickSort,random,2900,7271.9,253215
StdMergeSort,random,2900,4325.6,42747
TernaryQuickSort,random,2900,9239.3,33704
StringMergeSort,random,2900,5929.4,26786
MSBRadixSort,random,2900,2113.8,0
MSBRadixHybrid,random,2900,4804.1,15540
StdQuickSort,reverse,2900,4762.3,239569
StdMergeSort,reverse,2900,4540.1,27180
TernaryQuickSort,reverse,2900,6886.7,27659
StringMergeSort,reverse,2900,5403.3,11624
MSBRadixSort,reverse,2900,1902.6,0
MSBRadixHybrid,reverse,2900,4040,12200
StdQuickSort,almost,2900,4804.2,237159
StdMergeSort,almost,2900,4117.4,29322
TernaryQuickSort,almost,2900,7274.4,27632
StringMergeSort,almost,2900,4915.4,11063
MSBRadixSort,almost,2900,1932,0
MSBRadixHybrid,almost,2900,3780.7,12225
StdQuickSort,random,3000,8100.4,260572
StdMergeSort,random,3000,4477.3,44519
TernaryQuickSort,random,3000,9684.8,36851
StringMergeSort,random,3000,7119.6,27830
MSBRadixSort,random,3000,2131.6,0
MSBRadixHybrid,random,3000,5203.6,16345
StdQuickSort,reverse,3000,5344.4,250265
StdMergeSort,reverse,3000,4177.9,28190
TernaryQuickSort,reverse,3000,7420.7,28698
StringMergeSort,reverse,3000,5102.8,12055
MSBRadixSort,reverse,3000,1952.2,0
MSBRadixHybrid,reverse,3000,4058.9,12752
StdQuickSort,almost,3000,5465.6,249119
StdMergeSort,almost,3000,4406.6,31085
TernaryQuickSort,almost,3000,6657.6,28720
StringMergeSort,almost,3000,4888.3,11442
MSBRadixSort,almost,3000,2097.2,0
MSBRadixHybrid,almost,3000,4231.3,12773
